model_name,fid
DCGAN_initial,192.31339920233125
DCGAN_augmentations_no_normalization,175.93080983540605
DCGAN_spectral_norm,274.42682686883035
WGAN,305.60435309047824
WGAN_augment,291.1939853294175
